﻿Column Name,Description,Data Type
Tree,Identifier for individual tree that materials were collected from,Integer
Date Collected,Calendar date materials were collected,Date format MonDD-YYYY
Bud 1 Wax (mg),Total weight of cuticular wax collected from the first bud in milligrams,Number
Bud 1 Fresh Weight (g),"Total weight of first bud in grams, after wax extracted",
Bud 1 Dry Weight (mg),"Total weight of first bud in grams, after wax extracted and after drying at 60 degrees Celcius for 48 hours",
Bud 2 Wax (mg),Total weight of cuticular wax collected from the second bud in milligrams,Number
Bud 2 Fresh Weight (g),"Total weight of second bud in grams, after wax extracted",
Bud 2 Dry Weight (mg),"Total weight of second bud in grams, after wax extracted and after drying at 60 degrees Celcius for 48 hours",
Bud 3 Wax (mg),Total weight of cuticular wax collected from the third bud in milligrams,Number
Bud 3 Fresh Weight (g),"Total weight of third bud in grams, after wax extracted",
Bud 3 Dry Weight (mg),"Total weight of third bud in grams, after wax extracted and after drying at 60 degrees Celcius for 48 hours",
Comments,Additional notes and observations related to sample collection,Character String
LIMS Code,Unique Laboratory Inventory Management System (LIMS) code assigned to each sample,Character String
Time Point,Relative day post potting (dpp) materials were collected,Character String
Treatment,Direction of sun expsoure tested,Character String