﻿Tree,LIMS Code,Time Point,Treatment
3,M187-04-06-BP,23 dpp,south exposure
6,M187-04-03-BP,23 dpp,south exposure
8,M187-05-04-BP,43 dpp,north exposure
10,M187-03-01-BP,23 dpp,north exposure
14,M187-03-02-BP,23 dpp,north exposure
16,M187-05-02-BP,43 dpp,north exposure
17,M187-02-05-BP,7 dpp,south exposure
28,M187-02-01-BP,7 dpp,south exposure
31,M187-06-04-BP,43 dpp,south exposure
32,M187-03-04-BP,23 dpp,north exposure
35,M187-01-03-BP,7 dpp,north exposure
36,M187-05-05-BP,43 dpp,north exposure
41,M187-05-03-BP,43 dpp,north exposure
43,M187-05-01-BP,43 dpp,north exposure
45,M187-01-05-BP,7 dpp,north exposure
48,M187-02-02-BP,7 dpp,south exposure
56,M187-01-02-BP,7 dpp,north exposure
57,M187-01-01-BP,7 dpp,north exposure
66,M187-05-06-BP,43 dpp,north exposure
68,M187-06-02-BP,43 dpp,south exposure
69,M187-03-05-BP,23 dpp,north exposure
70,M187-06-01-BP,43 dpp,south exposure
71,M187-04-02-BP,23 dpp,south exposure
76,M187-06-05-BP,43 dpp,south exposure
79,M187-04-04-BP,23 dpp,south exposure
80,M187-04-01-BP,23 dpp,south exposure
82,M187-06-03-BP,43 dpp,south exposure
83,M187-02-04-BP,7 dpp,south exposure
85,M187-03-03-BP,23 dpp,north exposure
89,M187-02-03-BP,7 dpp,south exposure
96,M187-04-05-BP,23 dpp,south exposure
97,M187-01-04-BP,7 dpp,north exposure
99,M187-02-06-BP,7 dpp,south exposure